id	1998	1999	2000	2001	2002	2003	2004	2005	2006	2007	2008	2009	2010	2011	2012
1000		2	2		2	2	2	2		2	2	2	2	2	2
1001							2	2			2	2		2	
1003					2		2	2			2	2			2
1005								2				2			
1007							2	2						2	
1009				2										2	
1011							2	2				2			
1013				2			2	2				2		2	
1015							2							2	
1017						2		2						2	
1019			2	2	2		2							2	
1021							2	2				2			
1023							2	2				2		2	
1025							2	2				2		2	
1027						2		2						2	
1029						2	2	2							
1031							2	2		2		2			
1033		2				2	2	2						2	
1035							2	2				2			
1037							2							2	
1039							2	2				2		2	2
1041							2	2				2			
1043		2			2		2	2				2		2	
1045			2	2			2	2				2			
1047							2	2				2		2	2
1049			2			2	2					2	2	2	
1051							2	2				2		2	
1053							2	2				2			
1055			2	2										2	
1057		2		2	2									2	
1059		2					2							2	
1061			2				2	2				2			2
1063							2	2						2	
1065							2	2						2	
1067			2		2			2		2		2			
1069			2				2	2				2			
1071			2			2	2					2		2	
1073				2		2	2	2				2		2	
1075		2		2			2	2				2		2	
1077		2				2		2						2	
1079		2					2							2	
1081							2	2							
1083		2	2			2								2	
1085							2	2							
1087			2					2							
1089		2				2								2	
1091							2	2				2		2	
1093		2					2	2						2	
1095						2	2					2	2	2	
1097					2		2	2			2	2			2
1099							2	2						2	
1101							2	2			2	2			
1103		2												2	
1105							2	2				2		2	2
1107							2	2						2	2
1109							2	2				2			
1111						2		2							
1113						2		2				2			
1115				2		2								2	
1117							2	2						2	
1119							2	2						2	
1121						2	2	2						2	
1123							2	2						2	
1125			2	2			2	2						2	
1127				2	2	2							2	2	
1129							2	2				2		2	
1131							2	2		2		2			
1133		2		2	2		2	2						2	
2000			2		2	2	2	2	2		2	3		2	2
2013			2												
2016							2								
2020			2			2									
2050			2		3		2	2	3			3		2	
2060			2												
2068											2				
2070			2		3									2	
2090			2		3						2	3			
2122			2		2	2			2						2
2150			2		2							2			
2164			2		2										
2170			2			2			2						
2180							2	2						2	
2185								2			2				
2188							2	2							
2240			2		1							3			
2261			2		1				2						
2270					3		2	2	3			3		2	
2290					1				3		2	3			
4000			2		0	0		2	2				2		
4001					0								2		
4003			2												
4005								2					2		
4007								2	2				2		
4009								2	2						
4011								2	2				2		
4012			2										2		
4013			2					2							
4015								2					2		
4017					0			2					2		
4019						0		2	2						
4021			2					2	2						
4023			2												
4025								2					2		
5000		2	4	2	2	4	2	2	2		2	2	2	2	
5001			4								2	2		2	
5003					2			2			2	1			
5005			4			4	2				2	2		2	
5007			4				2	2			2	2		2	
5009			4				2				2	2		2	
5011		2	4	2			2				2	2	2	2	
5013			4				2	2			2	2	2	2	
5015							2				2	2		2	
5017		2				2					2	2		2	
5019			4	2			2	2			2	2	2		
5021		2			2	4					2	2	2	2	
5023			4		2	2		2			2	2		2	
5025			4	2				2			2	2	2	2	
5027		2	4	2	2		2					2			
5029			4	2		2		2			2	2		2	
5031				2	2	4		2			2	2	2	2	
5033			4					2			2	2		2	
5035			4		2			2			2			2	
5037			4			2			2		2	2		2	
5039			4	2							2	2	2	2	
5041			4								2				
5043		2	4	2							2	2	2		
5045			4					2						2	
5047			4	2	2		2	2			2	2		2	
5049			4			4		2			2	2		2	
5051			4					2			2			2	
5053			4								2	2	2		
5055		2			2	4			2		2	2	2	2	
5057			4	2			2	2			2	2	2		
5059			4	2				2			2	2		2	
5061			4				2				2	1		2	
5063		2			2	4	2	2			2	2		2	
5065			4			4					2	2		2	
5067		2	4		2	4	2	2			2	2	2	2	
5069			4									2	2		
5071			4				2				2	2		2	
5073			4	2			2	2			2	2	2		
5075						4					2	2		2	
5077			4					2			2	2		2	
5079			4	2	2			2			2	2	2	2	
5081			4	2	2		2	2			2	2			
5083			4		2			2			2	2			
5085			4								2		2	2	
5087			4			2	2				2	2		2	
5089			4				2				2	2		2	
5091		2	4	2				2			2	2	2		
5093			4					2			2	2		2	
5095		2	4		2						2	2	2	2	
5097			4								2			2	
5099			4	2			2				2	2	2	2	
5101			4	2		4	2				2	2		2	
5103			4	2			2	2				2	2		
5105			4			2					2	2		2	
5107								2			2	2		2	
5109			4				2				2	2		2	
5111			4		2	2						2	2	2	
5113			4	2				2				1		2	
5115			4					2			2	2			
5117			4	2	2			2			2	2	2	2	
5119		2	4					2			2	2	2	2	
5121		2				4			2		2	2		2	
5123		2	4			2		2			2	2		2	
5125		2	4					2			2	2		2	
5127			4		2			2			2	2			
5129			4			4	2	2			2	2		2	
5131			4					2			2				
5133			4				2	2				1			
5135			4			4		2			2	2		2	
5137			4		2	4	2	2			2	2		2	
5139			4	2				2			2	2			
5141			4			2		2			2	2		2	
5143			4				2	2			2	2		2	
5145		2	4	2	2	2					2	2	2	2	
5147			4		2	2	2				2	2	2	2	
5149			4								2			2	
6000		0				0	1	2	2	0	0		2	3	
6001								2	2						
6003									2						
6005									2						
6007		0							2		0				
6009									2				2		
6011									2						
6013									2						
6015									2					2	
6017									2						
6023		0							2						
6025													1		
6027														3	
6029								2			0			3	
6031														3	
6033									2						
6035									2						
6037		0				0		2		0	0		2		
6039									2					3	
6041									2						
6043											0			3	
6045									2		0				
6047									2						
6053											0			2	
6055									2						
6057									2						
6059						0		2		0	0			3	
6061									2						
6063		0							2		0				
6065						0		2		0	0		2	3	
6067								2	2						
6071		0				0		2		0			2	3	
6073		0				0		2		0				3	
6077							3	2	2						
6079							1		2					3	
6081									2						
6083							1	2			0			3	
6085		0						2	2		0				
6087									2		0			2	
6089		0									0				
6091									2						
6093									2				2		
6095									2						
6097									2						
6099									2						
6101									2						
6103		0													
6105		0							2		0				
6107														3	
6109									2						
6111						0		2		0					
6113									2						
6115		0							2						
8000		2		2		4		2		4					0
8001						4				4					
8005						4				4					
8009										4					
8011		2								4					
8013						4				4					
8014						4				4					
8015						4									
8017										4					
8019						4									
8023						4									
8025		2								4					
8027		2				4				4					
8031						4				4					
8035						4				4					
8039		2				4				4					
8041		2				4				4					0
8043		2				4									
8047						4				4					
8049						4									
8055						4				4					
8057						4									
8059						4				4					
8061		2								4					
8069		2				4				4					0
8071		2				4				4					
8089		2								4					
8093						4									
8099				2						4					
8101		2				4				4					
8115				2											
8117						4									
8119						4				4					0
8121										4					
8123		2				4									
9000		2				4	4	4	4	2			2	2	
9001		2				4	4	4	4	2			2	2	
9003		2				4	4	4	4					2	
9005		2				4	4	4		2				4	
9007						4		4					2	2	
9009						4	4	4	4					4	
9011						4	4	4					2	2	
9013						4	4	4	4					4	
9015						4	4	4	4					2	
10000		2				2	2	2	2				4	2	
10001						4							4	2	
10003		2				4	2						4	2	
10005						2			2				4	2	
11001			2	2		2		2				5	2	2	2
12000		2	2	2		2	2	2		2	2	2			2
12001							2				2				
12003							2				2	2			2
12005			2	2			2	2			2	2			
12007							2				2				2
12009		2					2	2			2				
12011		2	2				2	2			2				
12013			2	2			2	2			2	2			
12015		2		2		2	2	2			2				2
12017						2	2				2				2
12019							2				2	2			2
12021		2		2			2	2			2				2
12023							2				2				2
12025		2	2				2	2			2				
12027		2		2		2	2	2			2				
12029						2	2	2			2	2			2
12031		2					2				2				2
12033			2				2	2			2	2			
12035		2		2			2				2	2			
12037			2				2	2			2	2			2
12039				2			2	2			2	2			
12041							2					2			
12043		2					2	2			2				
12045			2				2	2			2	2			2
12047							2				2	2			2
12049		2		2		2	2	2			2				
12051		2					2	2			2				
12053						2	2				2				2
12055		2		2			2	2			2				
12057		2					2				2				
12059				2			2	2			2	2			
12061		2					2	2			2				
12063							2	2				2			
12065			2	2			2	2			2	2			2
12067							2					2			2
12069							2			2	2				
12071		2		2			2	2			2				2
12073			2	2			2	2			2	2			
12075						2	2	2							2
12077				2			2	2			2	2			2
12079							2					2			2
12081		2		2		2	2				2				2
12083							2				2				
12085		2					2	2			2				
12087		2					2	2			2				
12089		2					2				2				2
12091			2				2	2			2	2			
12093		2					2	2			2				
12095		2					2				2				
12097		0					2	2			2				
12099		2					2	2			2				
12101						2	2				2				2
12103		2					2				2				2
12105		2					2	2			2				
12107				2			2				2	2			2
12109		2		2			2				2				
12111		2					2	2			2				
12113							2	2			2	2			2
12115		2		2		2	2	2			2				2
12117		2					2				2				
12119							2			2	2				
12121							2				2	2			2
12123						2	2	2			2				2
12125							2				2				2
12127		2					2			2	2	2			
12129			2	2			2	2			2	2			2
12131							2	2			2	2			
12133				2			2	2			2	2			
13000		2	2				2	2		2	2	2		2	
13001							2					2			
13003							2					2			
13005							2					2			
13007							2			2		2			
13011			2				2								
13013			2												
13015			2											2	
13017							2					2			
13019							2					2			
13021							2	2			2				
13023							2								
13025							2					2			
13027							2					2			
13029		2													
13033											2				
13035			2				2								
13037							2					2			
13039		2					2								
13043							2								
13045			2				2	2			2	2			
13047			2									2		2	
13049							2								
13051		2						2							
13055			2									2			
13057			2				2	2				2		2	
13059			2												
13061							2			2					
13063								2							
13065							2					2			
13067			2				2	2				2			
13069							2					2			
13071			2				2	2				2			
13075							2					2			
13077								2						2	
13079							2			2	2	2			
13081							2					2			
13083							2							2	
13085			2				2					2			
13087							2					2			
13089			2				2	2				2			
13091							2					2			
13093		2					2					2			
13095							2	2				2			
13097			2								2	2			
13099							2					2			
13101							2					2			
13105			2				2								
13107											2				
13109							2								
13111			2				2								
13113								2							
13115			2					2						2	
13117			2				2	2							
13119			2				2								
13121			2				2	2			2	2			
13123			2				2								
13127		2					2				2				
13129			2											2	
13131			2				2					2			
13133			2				2							2	
13135			2					2				2			
13137			2				2								
13139			2					2							
13141							2			2					
13143			2					2							
13145							2							2	
13147			2				2					2			
13149							2					2		2	
13151			2					2							
13153							2					2			
13155							2					2			
13157			2												
13159			2				2							2	
13161							2					2			
13163											2				
13165											2				
13167							2				2				
13169			2				2								
13171			2				2							2	
13173							2					2			
13175							2				2				
13177												2			
13179		2						2							
13183							2								
13185							2					2			
13187			2				2							2	
13189										2					
13191		2					2				2	2			
13193							2								
13195							2								
13199														2	
13201							2					2			
13205			2							2		2			
13207			2				2					2		2	
13209							2					2			
13211														2	
13215								2		2					
13217			2					2				2		2	
13219			2												
13221			2												
13223			2									2			
13225							2					2			
13227			2				2							2	
13229							2					2			
13231			2				2								
13233														2	
13235							2					2			
13237							2	2							
13241			2				2							2	
13245								2							
13247			2					2				2			
13249							2								
13253												2			
13255			2				2	2						2	
13257			2				2	2				2			
13259										2					
13261							2			2					
13263							2								
13265			2												
13267							2					2			
13269							2			2		2			
13271							2					2			
13275							2					2			
13277			2				2					2			
13279							2					2			
13281							2								
13283							2				2				
13285								2						2	
13287							2					2			
13289							2				2				
13291			2				2								
13293			2				2					2			
13295			2									2		2	
13297			2					2							
13299							2					2			
13301										2					
13303							2								
13305							2					2			
13307										2					
13309							2					2			
13311			2				2							2	
13313								2							
13315							2					2			
13317			2				2								
13319							2			2	2				
13321							2					2			
15000			2					2	1		2	3		2	2
15001			2						1		2			2	
15003								2	2			3		2	
15007									2		2	3			2
15009									1		2			2	2
16000								3	2		3		2	3	
16003													2		
16017														3	
16035														3	
16045													2		
16049													2	3	
16055											3				
16061													2		
16069								3						3	
16073									2						
16075													2		
16079											3			3	
16085													2		
16087													2		
17000		4		4	1		2	4	2	4	2	2	2	4	
17001		4		3	1				4		2		2	4	
17003					1							2		2	
17005										4					
17007				4					4		4			4	
17009		4			1				4					4	
17011		4		4					4		2			4	
17013		4		3	1					4	2			4	
17015				3							4		2	4	
17017		4			1						2			4	
17019		4						2							
17021		4								4				4	
17023					1						2			4	
17025														4	
17027								2							
17029											2			4	
17031		4		4				2		2	2			4	
17033											2			4	
17035					1						2				
17037									4	2				4	
17039		4		4						4					
17041		4			1						2				
17043		4		4				2			2			4	
17045					1						2			4	
17047								4							
17049					1									4	
17051					1										
17053		4		4										4	
17055								4				2		2	
17057		4		4	1				4					4	
17059					1			4				2		2	
17061		4			1				2		2				
17063		4		4							2			4	
17065					1			4				2		2	
17067		4		3	1				4		2			4	
17069								4				2		2	
17071		4		4							2			4	
17073		4		4					4					4	
17075		4		4											
17077					1			4				2		2	
17079					1						2			4	
17083					1					4	2				
17085		2		3							4		2	4	
17087					1			4				2			
17089		4		4				2		2				4	
17091		4		4											
17093		4		4					4		2				
17095		4							4	2				4	
17097		4		4				2			4			4	
17099		4		4			2		4	2	2			4	
17101					1			4			2			2	
17103									4					4	
17105		4		4										4	
17107		4							2	4				4	
17109		4		4					4					4	
17111		4		4					4		4			4	
17113		4		4						4				4	
17115		4						2		4					
17117					1					4	2				
17119								2		4	2				
17121														2	
17123		4		4					4					4	
17125		4			1				4					4	
17127								4				2		2	
17129		4		4	1				4					4	
17131		4		3							2			4	
17133								2		4	2				
17135										4	2				
17137		4			1				2					4	
17139		4			1								2		
17141				4					4		4		2	4	
17143		4		4				2	4					4	
17145														2	
17147		4								4					
17149		4		3	1				4		2		2	4	
17151					1			4				2		2	
17153					1							2		2	
17155		4					2		4					4	
17157					1				2		2	2		2	
17159					1			4							
17161				3							2			4	
17163								2		4	2				
17165					1			4				2		2	
17167		4			1			2	2	4				4	
17169		4			1								2	4	
17171		4			1				4		2			4	
17173		4			1					4				4	
17175		4		4					4					4	
17177									4		4		2	4	
17179		4							4					4	
17181					1			4				2		2	
17183		4													
17185					1			4						2	
17187		4								2				4	
17189														4	
17191					1									2	
17193								4						2	
17195				3										4	
17197		4		4							2			4	
17199								4				2		2	
17201				4				2	4		4			4	
17203		4								4	2			4	
18000		4		4	2	2	2	2		4	2	2		2	2
18001		4		4		2		2		4	2				
18003		4		4		2		2		4	2				
18005								2			2				
18007		4		4			2			4	2			2	
18009		4						2		4					
18011		4						2		4					
18013					2			4			2				
18015		4		4		2				4	2				
18017		4		4		2				4	2				
18019							2	4			2	2		2	2
18021		4				2	2				2			2	
18023		4						2		4					
18025					2		2	4			2	2		2	
18027							2	2			2			2	
18029					2			4			2			2	
18031								4			2				
18033		4		4						4	2				
18035		4						2		4					
18037					2		2	4			2	2		2	
18039		4		4						4	2				
18041		4						2			2				
18043							2	4			2	2		2	
18045		4				2	2			4	2				
18047					2			4			2			2	
18049		4		4						4	2				
18051					2		2	2			2	2		2	
18053		4		4				2		4					
18055					2	2	2	2			2				
18057		4						4		4					
18059		4						4		4	2				
18061							2	4			2	2		2	
18063		4								4	2				
18065		4						2		4	2				
18067		4		4		2		2		4					
18069		4		4		2		2		4					
18071					2			4			2	2		2	
18073		4		4		2				4	2				
18075		4				2		2		4	2				
18077					2			4			2	2		2	2
18079								4			2	2		2	
18081		4			2			4			2				
18083					2			2			2			2	
18085		4		4		2				4	2				
18087		4		4						4					
18089		4		4						4	2				
18091		4		4						4	2				
18093								4			2	2		2	
18095		4			2	2		2		4	2				
18097		4			2			4		4	2				
18099		4		4						4	2				
18101					2		2	2			2			2	
18103		4		4		2	2			4					
18105					2			4			2			2	
18107		4			2			2		4	2				
18109		4			2			4			2				
18111		4		4		2				4	2				
18113		4		4						4	2				
18115					2			4			2	2		2	
18117					2		2	4			2	2		2	
18119					2	2	2	2			2				
18121		4			2	2	2			4	2			2	
18123					2		2	4			2	2		2	
18125					2		2	4			2			2	
18127		4		4						4	2				
18129					2			4			2	2		2	
18131		4		4						4	2				
18133		4			2		2	2		4	2			2	
18135		4						2		4	2				
18137								4			2	2		2	2
18139		4						4			2				
18141		4		4						4					
18143							2	4			2	2		2	2
18145		4						4			2				
18147							2	4			2	2		2	
18149		4		4				2		4	2			2	
18151		4		4						4					
18153					2		2	4			2			2	
18155					2			4			2	2		2	
18157		4				2	2	2		4					
18159		4				2		2		4					
18161					2	2	2	4			2				
18163								1			2	2		2	
18165		4			2		2	2		4	2			2	
18167		4			2			2			2				
18169		4		4		2				4	2				
18171		4				2	2			4					
18173							2	1			2	2		2	
18175					2		2	4			2	2		2	2
18177		4						4			2			2	
18179		4		4		2		2		4					
18181		4		4		2				4	2				
18183		4		4						4					
19000		2		2	3		2	2		2	2	2	2	3	
19001							2			4	2		2		
19003											2		2		
19005				2			2			2	2				
19007							2			2	4		2		
19009							2			2			2		
19011							2			2	2			2	
19013		2					2			2	2	2	2		
19015							2			2	2		2		
19017		2					2			2	2				
19019		2					2			2	2		2		
19021										4			2	2	
19023		2					2			2	2		2		
19025				2			2			2			2		
19027										4	2		2		
19029							2			4	2		2		
19031										2	4				
19033		2					2				2				
19035										4	2		2		
19037		2					2			2	2				
19039										2	4		2		
19041							2			4			2	2	
19043		2		2	3		2				2		2		
19045		2		2	3					2	2				
19047		2								4	2		2		
19049							2				2		2		
19051										2	2		2		
19053										2	4		2		
19055		2			3		2				2		2		
19057				2						2	2		2		
19059										4			2	2	
19061		2		2	3		2				2		2	2	
19063										4			2		
19065		2					2			2	2		2		
19067		2					2			2	2				
19069							2			2	2		2		
19071							2			2	2		2	3	
19073										4	2		2		
19075				2			2			2	2				
19077							2			4	2		2		
19079										2	2		2		
19081							2			4	2				
19083										2	2				
19085		2								2	2		2	3	
19087				2						2	2		2		
19089		2					2			2	2		2		
19091				2			2			2	2		2		
19093							2			2			2		
19095										2	2		2		
19097				2	3					2	2		2	2	
19099							2			2	2		2		
19101										2	4				
19103										2	2				
19105		2			3		2			2	4		2		
19107										2	4		2		
19109							2			4	2				
19111				2						2	2		2		
19113		2			3		2	2		2	2				
19115				2						2	2				
19117				2			2				4		2		
19119											2		2		
19121											4		2		
19123										2	2		2		
19125										2	2		2		
19127							2			2	2			2	
19129		2								2	2		2	3	
19131		2					2			2	2				
19133										2	2		2	3	
19135											4		2		
19137		2								2	2		2		
19139				2						2	2				
19141										4			2		
19143										4			2		
19145							2			2	4		2		
19147				2						4	2		2		
19149										4			2		
19151							2			2	2		2	2	
19153							2	2		2	2		2		
19155		2		2						2	2		2	3	
19157										2	2				
19159				2						2	4		2		
19161				2			2			2			2	2	
19163				2							2				
19165							2			4			2		
19167													2		
19169		2					2			2	2		2	2	
19171							2			2	2			2	
19173							2			2	4				
19175				2						2	2		2		
19177										2	2		2		
19179				2						2	2		2		
19181											4		2		
19183										2	4		2		
19185										2	4		2		
19187				2			2			4	2		2		
19189							2			2	2				
19191							2			2	2				
19193		2								4			2	3	
19195		2					2			2	2				
19197							2			4	2		2		
20000		1	2	2	4	2	2	2	2	2	2	2	2	3	2
20001					4	2				2			2		
20003					4	2		2		2	2	2	2		
20005								2			2		2	3	
20007					4			2			2	2			
20009				2			2			2	2	2			
20011					4					2	2	2	2		
20013								2		2	2		2		
20015					4		2	2		2	2	2	2		
20017								2		2	2	2	2		
20019					4					2	2				
20021						2	2	2		2	2	2	2		
20023									2	2					
20025										2	2	2			
20027										2	2		2	2	
20029											2		2	2	
20031					4					2		2	2		
20033										2	2	2	2		
20035					4			2		2	2	2	2		2
20037			2		4	2		2		2	2	2	2		
20039									2	2	2				
20041										2	2				
20043										2	2		2	3	
20045					4		2	2	2	2			2		
20047										2	2	2			2
20049					4					2	2	2	2		
20051							2			2	2		2		
20053										2	2				
20055								2		2					
20057										2					
20059					4			2		2	2	2	2		
20061							2				2		2		
20063										2	2				
20065							2			2	2		2		
20067										2		2			
20069										2					
20071										2					
20073					4			2		2	2	2	2		
20075										2					
20077								2		2	2	2			2
20079								2		2	2	2	2		
20081										2		2			
20083									2	2	2				2
20085								2		2	2		2		
20087								2			2		2		
20089							2			2	2		2	2	2
20091					4			2						3	
20093										2					
20095								2		2	2	2			
20097										2	2	2	2		
20099			2		4	2	2			2	2	2	2		
20101									2	2					
20103						2		2		2	2		2	3	
20105										2	2			2	
20107					4					2	2	2	2		
20109										2					
20111							2	2		2	2	2	2	2	
20113								2		2	2		2		
20115							2	2			2	2	2		
20117										2	2	2	2		
20119						2				2		2			
20121					4					2	2		2		
20123							2				2		2	2	2
20125					4					2	2	2	2		
20127							2	2		2	2	2	2		
20129										2					
20131										2	2		2		
20133			2		4			2		2		2	2		
20135										2	2				
20137									2	2	2		2		
20139								2		2			2	2	
20141							2			2	2		2	2	
20143										2	2			2	
20145									2	2	2		2		
20147							2		2	2	2		2		
20149								2		2	2		2	2	
20151								2		2	2	2			
20153										2					
20155								2		2	2	2			
20157											2	2	2	2	
20159										2	2	2			2
20161										2	2		2	2	
20163							2			2	2		2	2	
20165							2		2	2	2		2	2	
20167							2			2	2			2	
20169								2		2	2				
20171										2					
20173		1						2			2	2			2
20175						2				2		2			
20177							2	2		2	2		2		
20179									2	2	2				
20181									2	2				2	
20183							2			2	2		2	2	
20185										2	2	2			2
20187										2		2			
20189										2		2			
20191		1			4			2		2	2	2			
20193									2	2					
20195							2			2	2				
20197							2	2		2	2	2	2		
20199										2					
20201										2	2	2	2	2	
20203										2					
20205					4					2	2	2	2		
20207					4	2	2			2			2		
20209					4	2	2	2	2				2	3	
21000			1	2	2	2	2	4		2	2	4	2	2	2
21001							2				2		2		2
21003							2				2	4	2		
21005						2					2	4	2	2	
21007			1			2		4			2	4	2	2	2
21009							2					4	2		
21011				2	2	2					2	4	2	2	
21013					2									2	
21015											2	4		2	
21017			2			2						4			
21019			2		2	2	2					4	2	2	
21021												4	2		
21023						2		4				4	2	2	
21025					2	2	2					2		2	
21027			1		2	2	2	4			2	4	2	2	
21029											2	4			
21031												4	2		
21033								4			2	4		2	
21035						2					2	4		2	
21037											2	4		2	
21039			1			2		4			2	4	2	2	
21041											2	4	2	2	
21043			2		2	2	2			2		4	2	2	
21045						2					2	4	2		
21047												4		2	
21049						2						4	2		
21051				2	2	2	2					2	2	2	
21053							2						2		
21055			1			2		4			2	4	2	2	
21057							2						2		
21059			1				2				2	4		2	
21061					2		2					4	2	2	
21063				2	2	2	2					4	2	2	
21065				2	2	2	2				2	4	2	2	
21067						2						4			
21069			2		2	2	2				2	4	2	2	
21071				2	2	2	2			2		2		2	
21073							2	4			2	4	2	2	
21075											2	4		2	
21077											2	4	2	2	
21079												4	2		
21081						2						4		2	2
21083						2					2	4			
21085					2	2	2	4			2	4	2	2	
21087					2	2	2					4	2	2	
21089			2		2	2						4	2	2	
21091							2	4			2	4	2	2	
21093							2				2	4			
21095					2		2								
21097			2	2		2		4			2	4	2		
21099						2	2					4	2		
21101						2	2				2	4	2	2	
21103							2					4		2	
21105											2	4	2	2	
21107			1			2		4			2	4	2	2	
21109							2					4	2		
21111											2	4			
21113						2						4	2		
21115			2	2	2	2	2					4		2	2
21117											2	4		2	
21119				2	2	2	2			2		2	2	2	
21121					2	2	2							2	
21123							2	4				4	2		2
21125					2		2								2
21127			2	2	2	2	2			2		4		2	2
21129					2	2	2					4	2	2	
21131					2	2	2			2		2	2		
21133				2	2	2	2					2			
21135			2	2		2					2	4	2	2	
21137					2		2					4	2		
21139			1	2		2		4			2	4	2	2	
21141												4	2	2	
21143								4			2	4	2	2	
21145											2	4		2	
21147					2										
21149						2		4			2	4	2	2	
21151												4	2		
21153					2	2	2					4	2	2	2
21155					2							4	2	2	
21157								4			2	4	2	2	
21159					2	2	2					4		2	2
21161				2		2						4	2	2	
21163						2	2				2	4		2	
21165				2	2	2	2					4	2	2	2
21167						2					2	4			
21169							2				2	4	2		
21171						2					2		2	2	
21173						2						4	2		
21175					2	2	2				2	4	2	2	2
21177								4			2	4			
21179							2	4				4	2		
21181			2			2					2	4		2	
21183							2				2	4	2		
21185			2				2				2	4		2	
21187												4	2	2	
21189					2	2	2					2		2	
21191			2			2		4				4		2	2
21193				2	2	2	2			2		2		2	
21195				2	2	2	2			2		2	2		
21197				2	2	2	2					4	2		
21199							2						2		
21201						2						4	2	2	
21203				2	2							4	2		
21205			2	2	2	2	2					4	2		
21207							2					2	2		
21209						2						4			
21211						2	2	4			2	4	2		
21213												4	2		
21215			1			2	2				2	4		2	
21217							2					4	2		
21219								4				4		2	
21221								4			2	4	2	2	
21223											2	2		2	2
21225								4			2	4	2	2	
21227							2					4	2		
21229						2	2				2	4	2	2	
21231					2								2		
21233			1		2	2	2	4			2	4		2	
21235				2	2	2									
21237						2	2					4	2	2	2
21239						2					2	4	2		
22000		2	4	2	2	5	2	2	2		2	2		3	2
22001					2			2			2				2
22003					2			2			2				2
22005				2	2		2	2			2			3	2
22007				2	2		2	2			2			3	2
22009					2		2	2			2			3	2
22011				2	2			2	2		2	2			
22013		2						2			2				
22015		2		4				2			2	2			2
22017		2		4		5		2			2				
22019					2			2	2		2				
22021					2			2	2		2	2			2
22023					2			2			2				2
22025		2						2	2		2	2			2
22027		2	4	4				2			2	2			
22029								2			2			3	2
22031		2						2			2	2			
22033				2	2		2	2			2			3	2
22035		2						2			2			3	
22037				2	2			2			2			2	2
22039					2			2	2		2				2
22041		2						2	2		2	2			2
22043								2	2		2				
22045				2	2			2			2			3	2
22047				2	2			2			2			3	2
22049								2			2				2
22051				2	2		2	2			2			2	2
22053					2			2	2		2				
22055				2	2		2	2			2				2
22057				2	2		2	2			2			2	2
22059					2			2	2		2			3	2
22061		2	4	4				2			2				2
22063				2	2		2	2			2				2
22065								2	2		2			3	
22067		2						2	2		2				2
22069		2			2			2	2		2	2			2
22071				2	2		2	2			2				2
22073		2	4	4	2		2	2			2	2		3	2
22075					2		2	2			2			2	2
22077				2	2			2			2			3	2
22079					2		2	2			2				2
22081								2			2				
22083		2	4					2	2		2				2
22085		2				5		2	2		2				
22087				2	2		2	2			2			2	2
22089				2	2		2	2			2			2	2
22091								2	2		2				2
22093				2	2		2	2			2			3	2
22095				2	2		2	2			2				2
22097					2			2			2			3	2
22099				2	2		2	2			2			3	2
22101				2	2			2			2			3	2
22103				2	2		2	2			2				2
22105				2	2		2	2			2				2
22107								2			2			3	
22109				2	2		2	2			2			3	2
22111		2	4	4				2			2	2			2
22113				2	2			2			2				2
22115					2	5		2	2		2				
22117				2	2		2	2			2				2
22119		2	4	4				2			2	2			
22121					2			2			2			3	2
22123		2	4								2				
22125				2	2			2			2			3	
22127								2	2		2				
23000		2	2	4		4	4	4	2	2	3	2	2	2	
23001		2	2	4		4	4	4		2	2	2			
23003			2	4		4	4	4	4		3			2	
23005		2		4		4	4	4		2	2	2	2		
23007			2	4		4	4	4		2		2		2	
23009				4		4	4	2		3		2	2		
23011		2	2	2		4	4	2		2					
23013								4		3	3	2	2		
23015				4		4		2		2	3	2	2	2	
23017		2	2	4		4	4	4		2		2		2	
23019				4		4	4	4			3				
23021			2	4		4	4	4			3	2		2	
23023				4						2		2	2		
23025		2	2	4			4	4		2	3	2			
23027							2	2		2	3	2			
23029			2	4		4	4	2		2		2		2	
23031				4				4	2	2	2	2	2	2	
24000		2	2		1	2		2	2				4	2	2
24001						2							4		
24003		2	2			2							4	2	
24005			2			2							4	2	
24009		2	2		1	2							4	2	2
24011		2	2			2			2				4	2	
24013						2							4	2	
24015		2				2							4	2	
24017		2	2		1	2							4	2	2
24019			2			2			2				4	2	
24021			2			2							4	2	
24023						2							4		
24025		2				2		2					4	2	
24027			2			2		2					4	3	
24029		2	2			2							4	2	2
24031			2			2		2	2				4	2	2
24033			2			2		2					4	3	2
24035		2	2			2							4	2	
24037		2	2			2							4	2	
24039		2				2								2	
24041		2	2			2							4	2	
24043						2							4		
24045						2							4	2	
24047						2								2	
24510			2			2		2					4	2	2
25000		0		4		4	4	4	2	2		4	2	2	2
25001						4	4	4		2			2	2	
25003				4		4	4	4		2		4		2	2
25005						4	4	4					2	2	
25007						4		4		2			2	2	
25009				4		4	4	4	2	2		4	2	4	2
25011				4		4	4	4		2		4		2	2
25013						4	4	4		2		4		4	2
25015				4		4	4	4		2		4		4	2
25017				4		4	4	4	2			4	2	4	2
25019						4		4					2	2	
25021				4		4	4	4					2	4	
25023						4	4	4		2			2	2	
25025						4	4	4					2	4	
25027		0		4		4	4	4				4	2	2	2
26000		4		4	3	5		2			2				
26001		4													
26005		4		4							2				
26011		4													
26013					3										
26015		4		4							2				
26017				4											
26021		4		4				2							
26023				4											
26025				4		5		2							
26027		4		4											
26035				4											
26037				4											
26039		4													
26045				4		5					2				
26049				4		5									
26051				4											
26053					3										
26057				4											
26059				4		5									
26061					3										
26063				4											
26065				4		5		2			2				
26067		4		4											
26069		4													
26071					3										
26073				4											
26075		4		4											
26077		4		4				2							
26081		4		4				2							
26085											2				
26087				4		5									
26091		4													
26093				4		5									
26099		4		4		5		2							
26101											2				
26103		4			3										
26105											2				
26107		4		4											
26111				4											
26113											2				
26115		4				5									
26117				4											
26119		4													
26121		4		4											
26123		4													
26125		4		4		5		2							
26127		4													
26129		4													
26131					3										
26133		4		4							2				
26135		4													
26137		4													
26139		4		4							2				
26145				4							2				
26147				4		5									
26149		4		4											
26151				4											
26155				4											
26157				4											
26159		4		4											
26161		4		4		5		2							
26163		4				5		2							
26165											2				
27000		2	2	3	2		2	2	3	2	2	2	1	2	2
27001		2		3											2
27003														2	
27005			2	3	2				3			2		3	
27007		2		3	2							2		3	
27009				3											
27011				3									3	3	
27013													2	3	
27015				3									3	3	
27017				3											2
27019				3									2	3	
27021		2													2
27023				3								2	3	3	
27025				3										2	
27027		2	2	3	2				3			2	3	3	
27029			2	3	2							2			
27031		2									2	2			2
27033													2		
27035				3											2
27037			2	3											2
27039			2	3			2			2			2		
27041				3								2			
27043			2	3			2						2		
27045			2							2	2				
27047			2	3			2				2		1		
27049				3	2								2		2
27051				3								2		3	
27053										5				2	
27055			2	3						2	2		1		
27057		2			2							2			
27059				3										2	
27061		2			2										2
27063										2			2		
27065				3										2	
27067				3											2
27069		4		3	2				3			2	3	3	
27071					2										
27073				3								2	3	3	
27075		2		3								2			2
27077				3	2							2			
27079				3									2	3	
27081									2				2	2	
27083													2	3	
27085				3	2								3	3	
27087			2		2							2			
27089		4		3	2				3			2	3	3	
27091							2						2		
27093				3										2	2
27095				3										2	
27097				3				2							
27099			2	3			2				2		2		
27101													2		
27103				3									1	3	
27105				3							2		2		
27107			2	3	2				3			2	3	3	
27109										2			2		
27111				3								2	1	3	
27113		4			2							2	3		
27115				3										2	2
27117													2	2	
27119		4		3	2				3			2	3	3	
27121				3								2			
27123			2	3									3	3	
27125		4		3	2				3			2	3	3	
27127				3									2	3	
27129				3									3	3	
27131													2		2
27133													2		
27135		4	2	3	2				3			2		3	
27137		2		3											2
27139				3									3	3	
27143				3									3	3	2
27145				3										2	
27147							2			2			2		
27149				3								2	3	3	
27151				3								2		3	
27153				3											
27155				3					2			2	3	3	
27157				3						2			2		
27159												2	1		
27161													2		
27163				3										3	
27165													2		
27167				3					2			2	3	3	
27169			2	3						2			2		
27171				3	2									3	
27173			2	3					2			2	2	3	
28000		4		2	2	2	2	2			2	2	2	2	2
28001								2			2			3	2
28003								2					2	2	
28005								2			2	2			2
28007		4		2				2					2		
28009				2									2	2	
28011		4		2				2						3	
28013		4						2						2	
28015		4						2						2	
28017		4						2						2	
28019		4		2				2					2	2	
28021								2			2			3	2
28023						2	2	2			2			2	2
28025		4		2			2	2						2	
28027				2				2						3	
28029					2			2			2				2
28031							2	2			2				2
28033								2			2			2	
28035				2			2	2			2				2
28037								2			2				2
28039				2	2		2	2			2				2
28041					2		2	2			2	2		2	2
28043		4						2			2				
28045				2	2		2	2			2				2
28047				2	2		2	2			2				2
28049						2		2			2			2	2
28051				2				2					2	2	2
28053		4		2				2						3	
28055								2			2		2	3	
28057		4						2						2	
28059				2	2		2	2			2	2			2
28061							2	2						2	
28063								2			2			3	2
28065							2	2				2			2
28067				2			2	2			2				2
28069						2	2	2						2	
28071					2			2						2	
28073				2			2	2			2				2
28075						2	2	2			2				2
28077								2			2	2			2
28079		4		2		2		2							
28081		4		2				2						2	
28083		4		2				2			2				
28085				2	2	2		2			2	2			2
28087		4		2	2		2	2							
28089						2		2							
28091				2			2	2			2				2
28093				2				2					2	2	
28095		4					2	2					2	2	
28097		4						2						2	
28099		4		2		2	2	2			2			2	2
28101						2	2	2			2			2	2
28103		4		2			2	2						2	
28105		4		2			2	2							
28107				2				2			2		2	2	
28109				2	2		2	2			2				2
28111				2			2	2							2
28113					2			2			2				2
28115				2				2							
28117				2				2					2		
28119				2				2						2	
28121						2		2			2				
28123						2		2						2	2
28125		4		2				2						3	
28127								2				2			
28129							2	2			2			2	
28131							2	2			2	2			2
28133		4		2				2							
28135				2				2							
28137				2				2						2	
28139				2				2					2	2	
28141		4						2					2	2	
28143				2				2			2			2	
28145		4											2	2	
28147				2				2			2	2			2
28149		4				2		2			2		2	3	2
28151		4		2				2			2			3	
28153							2	2				2			2
28155		4						2						2	
28157								2			2	2		3	2
28159		4		2			2	2						2	
28161								2							
28163		4		2		2		2					2	3	
29000			3		4	2		2	2	4	2	2	2	2	
29001					2					4	2	2	2	2	
29003									2	4	2		2	3	
29005										2	2		2	3	
29007										4	2			2	
29009					2					4	2	2		2	
29011					2	2				4	2	2		2	
29013					4				2	2	2			2	
29015									2	4				2	
29017					2	2			2		4	2		2	
29019					2			2	2	4				2	
29021										4			2	3	
29023					2						2	2		2	
29025										4			2	2	
29027									2	4	2			2	
29029					2	2			2	4	2	2		2	
29031					2	2		2			2	2		2	
29033					2				2	2	2		2	2	
29035					2						2	2		2	
29037					4					2			2	2	
29039					2	2			2	4	2	2		2	
29041					4					2	2		2	2	
29043					2	2		2	2	4	2			2	
29045					2						2		2	2	
29047					4	2									
29049					4					4			2	2	
29051									2	4				2	
29053					2									2	
29055					2	2				4	2	2			
29057					2					4	2	2		2	
29059					2	2				4	2	2		2	
29061									2	2	2		2		
29063					2					4			2	2	
29065					2				2		2	2			
29067					2						2	2		2	
29069								2			2	2		2	
29071			3			2		2		4	2				
29073			3			2				4	2				
29075										2	2		2		
29077						2			2	4	4	2		2	
29079					2					4	2	2	2	2	
29081										4	2		2		
29083					4				2					2	
29085									2	4		2		2	
29087										2	2		2	3	
29089					4	2			2	2	2		2	2	
29091					2						2	2		2	
29093					2				2		2	2		2	
29095					4	2		2					2	2	
29097						2				4		2		2	
29099			3			2			2		2				
29101					4									2	
29103					4						2		2	2	
29105					2					4	2	2		2	
29107					4					2			2	2	
29109					2	2			2	4	2				
29111					2	2					2	2	2	2	
29113					2					4	2				
29115					4					2	2		2	2	
29117					2					2	2	2	2	2	
29119					2					4	2			2	
29121					4						2			2	
29123					2						2	2		2	
29125					2	2				4	2	2		2	
29127					2				2		2	2	2	2	
29129					2					2	2		2		
29131					2	2			2	4	2	2		2	
29133					2						2	2		2	
29135										4				2	
29137					4	2			2		2		2	2	
29139									2	4	2			2	
29141									2	4	2			2	
29143											2	2		2	
29145										4	2	2		2	
29147										2	2		2		
29149					2	2			2		2	2		2	
29151					2	2				4	2			2	
29153					2						2	2		2	
29155					2				2		2	2		2	
29157					2				2		2	2	2	2	
29159					4				2		2			2	
29161					2					4	2	2			
29163					2	2				4	2		2	2	
29165					4	2				2				3	
29167					2	2				4	2	2		2	
29169					2	2				4	2	2		2	
29171									2	4	2		2	2	
29173					2						2		2	2	
29175					4				2		2			2	
29177					4				2	2	2	2	2	3	
29179					2						2	2		2	
29181					2			2			2	2		2	
29183									2	4	2				
29185					4				2	4	2			2	
29186					2						2	2		2	
29187									2			2		2	
29189								2	2	4				2	
29195					4	2			2	2	2	2		2	
29197					2					4	2		2		
29199					2					4	2		2	2	
29201					2	2					2	2		2	
29203					2						2	2		2	
29205					4						2	2	2	2	
29207					2						2	2		2	
29209					2					4	2	2		2	
29211					2					2	2	2	2	2	
29213					2						2	2		2	
29215					2					4	2	2		2	
29217					2				2		2	2		2	
29219										4					
29221						2			2		2	2		2	
29223					2						2	2		2	
29225					2				2	4	2	2		2	
29227										4	2		2		
29229					2				2	4	2	2		2	
29510								2	2	4					
30000			2	2	2			2			2		2	2	0
30003				2										2	
30005														2	
30007														2	
30009														2	
30011											2			2	
30013														2	
30015													2	2	
30017														2	
30019														2	
30021														2	
30023														2	
30025														2	
30027														2	
30029														2	
30031				2											
30033														2	
30035					2										
30037														2	
30039														2	
30041					2								2	2	
30043														2	
30045														2	
30049														2	
30051					2									2	
30055														2	
30057														2	
30059														2	
30063				2											
30065														2	
30067														2	
30069														2	
30071														2	
30073					2									2	
30075														2	0
30077														2	
30079														2	
30081														2	
30083														2	
30085			2											2	
30087											2			2	0
30091			2											2	
30095														2	
30097														2	
30099														2	
30101					2									2	
30103														2	
30105														2	
30107														2	
30109														2	
30111														2	
31000		2		2		2	2	2	2	2	2	2	2	3	
31001							2	2		2	2		2		
31003							2			2			2		
31005										2		2	3		
31009							2			2	2		2		
31011							2			2	2		2		
31013												2			
31015											2		2		
31017										2	2		2		
31019							2	2		2	2		2		
31021		2									2		2	3	
31023						2					2		2		
31025							2			2	2		2	3	
31027						2							2		
31029										2	2	2	2	2	
31031											2	2	2		
31033										2			2		
31035							2			2			2		
31037											2		2		
31039						2	2				2		2		
31041									2	2	2	2	2		
31043				2									2	3	
31045													2		
31047										2	2		2		
31049												2			
31051													2		
31053							2				2		2	2	
31055		2				2					2		2	3	
31057										2				2	
31059								2			2		2		
31061										2					
31063								2	2	2	2		2		
31065									2	2	2			2	
31067				2			2			2	2	2	3		
31069												2	2	3	
31071									2	2	2		2		
31073									2	2	2				
31077							2			2	2		2		
31079								2		2	2				
31081								2		2	2	2	2		
31083										2			2		
31085										2	2		3	2	
31087										2					
31089						2			2	2	2		2		
31091													2		
31093						2	2	2		2	2		2		
31095						2	2			2	2	2	2		
31097										2	4		2		
31099								2	2	2					
31101										2					
31103										2	2	2	2		
31107						2			2	2			2	3	
31109							2				2		2		
31111										2	2	2	2	3	
31113										2	2		2	2	
31115										2	2		2		
31117						2				2	2		2		
31119							2			2			2		
31121								2		2	2		2		
31123										2	2	2	2		
31125							2			2	2		2		
31127										2	2		2	3	
31129													2		
31131										2	2		2	3	
31133							2			2	4	2	3		
31135										2		2	2		
31137									2	2	2		2		
31139							2		2	2			2		
31141						2					2		2		
31143						2				2	2		3	2	
31145										2	2				
31147										2	4	2	3	3	
31149										2	2	2	2		
31151				2			2			2	2		2		
31153											2		2	3	
31155										2	2		2		
31157												2		3	
31159								2			2		2		
31163							2			2	2		3		
31165													2		
31167						2				2	2		2		
31169						2	2				2	2	2		
31171										2	2		2		
31173							2				2		2	3	
31175						2			2	2	2		2		
31177		2					2						2	3	
31179													2		
31181							2			2	2		2		
31183									2	2	2		2		
31185								2			2		3	2	
32000		2					0	4	2		2				
32001								4							
32003		2						2							
32005								4	2						
32007								4	2						
32011								4							
32013								4							
32015								4							
32017								2							
32019								4	2		2				
32023								4							
32029								4	2						
32031								4	2						
32033								4							
32510							0	4	2						
33000		2		4		4	4	2	2	2	2	4	2	2	2
33001		2					4	2	2	2	2	4		2	
33003							4	4	2	2	2	4		2	
33005		2		4		4	4	4		2		4		2	2
33007				4			4	4		2	2	4		3	
33009		2		4			4	4	2	2	2	4	2	2	
33011				4		4	4	4	2	2	2	4	2	2	
33013				4		4	4	4	2	2	2	4	2	2	
33015				4		4		4	2	2	2	4	2	2	
33017				4		4		4	2	2	2	4	2	2	
33019						2	4	4		2		4	2	2	
34000		2	2	0		4	2	2	2	2		2	4	2	2
34001		2		0		4				2		2	4	4	2
34003		2		0		5				2			2	4	
34005		2		0		4	2			2			4	4	
34007		2		0		4	2			2			4	2	
34009		2		0		4						2	4	2	2
34011		2		0		4							4	2	2
34013		2		0		5				2			2	4	
34015		2		0		4							4	2	2
34017		2		0		5				2				4	2
34019		2		0		4	2		2				2	2	
34021		2		0		4	2		2	2			2	2	
34023		2		0		4		2		2			2	2	
34025		2		0		4							2	4	2
34027		2	2	0		4							2	2	
34029		2		0		4						2	4	4	2
34031		2		0		5				2			2	2	
34033		2		0		4							4	2	2
34035		2		0		4				2			2	2	
34037		2	2	0		4	2		2	2				2	
34039		2		0		5				2				4	2
34041		2		0		4	2		2	2				2	
35000		2	0				2	2	2		2		3	2	3
35001							2	2							
35006									2				3	3	
35013		2							2						
35015							2								
35017									2						
35019									2						
35021									2						
35023									2						
35027			0						2		2			2	
35028			0											3	
35029		2							2						
35031									2				3		
35033		2					2		2				3		
35035		2	0						2		2			2	
35039		2							2					2	
35043		2							2						
35045		2						2					3		
35047			0				2		2						
35051		2							2						
35053									2				3	2	
35055									2					2	
35057									2						
35061									2						
36000		2	4	0	4	5	2	2	2	2	2	2	2	2	
36001		2	2	0		4		2		2	2	2		2	
36003			2	0		2	2					2		3	
36005				0		5								2	
36007				0		4	2	2	2					2	
36009		4	4	4		2	2					2			
36011				0		4	4	2							
36013		4	4	4		5	2	2				2			
36015				0		2								2	
36017			2	0		4	2	2	2			2		2	
36019				0		5								2	
36021			2	0		4	2	2		2	2	2		2	
36023				0		5		2	2			2			
36025				0		4	2	2	2	2	2	2		2	
36027			2	0		4				2				2	
36029		4	4	4	4	5	2	2	2			2			
36031		2	2	0						2				2	
36033						5								3	
36035				0		4			2						
36037		4		4		5			2						
36039		2	2	0		4		2	2	2	2	2		2	
36041							2		2					3	
36043			2	0		4	2		2					2	
36045		4		0		5									
36047				0		5							1	2	
36049		4	2	0			4			4				3	
36051		4	2	0		4								3	
36053			2	0		4		2	2					3	
36055		4		0		4	2								
36057			2	0		4		2	2	2				2	
36059		2		0		4		2				2	2	2	2
36061				0		5		2					1	2	
36063		4	2	4		5	2	2	2					3	
36065			2	0		4	4		2	4				3	
36067			2	0		4	2							3	
36069		4		0		4	2							3	
36071		2		0		4	2	2		2			2	2	
36073		4	2			4	2		2						
36075				0		4	4			4					
36077			2	0		4		2	2				2	2	
36079		2		0		4		2		2				2	
36081				0		5							1	2	
36083			2	0		4		2	2		2	2		2	
36085				0		5							2	2	
36087		2		0		4				2			2	2	
36089		4		0											
36091				0		4	2				2	2		2	
36093			2	0		4			2		2	2		2	
36095		2	2			4	2	2	2	2	2	2	2	2	
36097						2									
36099				0		4									
36101			2	0		2	2							3	
36103		2		0		4				2		2	2	2	
36105			2			4	2	2	2	2				2	
36107			2	0		4	2	2	2					2	
36109			2	0		5			2					2	
36111		2	2	0		4	2	2	2	2				2	
36113		2		0			2						2	2	
36115				0		5	2				2	2		2	
36117		4		0		4									
36119		2		0		4		2		2			2	2	
36121		4		4		2		2						3	
36123			2			4	2							3	
37000		2	2		4	2	2	2			2		2	2	
37001		2	2		4	4									
37003					4										
37005													2		
37007		2	2		4		2								
37009							2						2		
37011							2						2		
37013		2				2		2			2		2	2	
37015		2				2		2						2	
37017		2						2						2	
37019		2				2		2			2		2	2	
37021							2						2		
37023					4		2						2		
37025			2		4										
37027					4		2						2		
37029		2				2								2	
37031		2				2		2					2	2	
37033		2	2			4									
37035					4										
37037		2	2		4										
37041		2				2		2						2	
37045					4										
37047		2						2						2	
37049		2				2		2					2	2	
37051		2						2						2	
37053		2				2		2					2	2	
37055		2				2		2					2	2	
37057		2	2		4										
37059					4										
37061		2						2						2	
37063		2	2		4										
37065		2	2		4	2								2	
37067						4									
37069		2	2		4	2									
37071					4										
37073		2				2								2	
37077		2	2		4	2									
37079		2				2		2						2	
37081		2	2		4	4		2							
37083		2	2		4	2								2	
37085		2	2		4									2	
37087							2						2		
37089							2								
37091		2				2		2						2	
37093		2	2											2	
37095		2				2		2					2	2	
37097					4										
37099							2						2		
37101		2	2		4									2	
37103		2				2		2						2	
37105		2	2		4									2	
37107		2				2								2	
37109					4										
37111					4		2						2		
37113							2								
37115							2						2		
37117		2				2		2						2	
37119			2		4			2							
37121							2						2		
37123		2	2		4										
37125		2	2		4										
37127		2	2		4	2								2	
37129		2				2		2			2			2	
37131		2	2		4	2								2	
37133		2				2		2					2	2	
37135		2	2		4	2									
37137		2				2		2					2	2	
37139		2				2		2						2	
37141		2				2		2						2	
37143		2				2		2					2	2	
37145		2	2		4	4					2				
37147		2				2								2	
37149					4		2								
37151		2	2		4										
37153		2	2		4										
37155		2												2	
37157		2	2			4									
37159					4										
37161					4		2								
37163		2						2						2	
37165		2	2												
37167		2	2		4										
37169						4									
37173							2								
37175							2								
37177		2				2		2					2	2	
37179		2	2		4										
37181		2	2		4	2								2	
37183		2	2		4	2		2						2	
37185		2	2		4	2								2	
37187		2				2		2					2	2	
37189							2						2		
37191		2			4	2								2	
37195		2	2		4	2								2	
37199							2						2		
38000		3	2	3	2	2	2	2	2	2		2	2	3	
38001				3								2			
38003		3		3						2		2	3	3	
38005		3	2	3			2	2				2	3	3	
38007								4				2		3	
38009		3	2	3			2	2				2	3	3	
38011								4		2		2			
38013		3					4							3	
38015		3	2	3								2	3	3	
38017		3	2	3					2	2		2	3	3	
38019		3		3			2	2	2	2		2		3	
38021		3		3				2		2		2	3	3	
38023		3												3	
38025								4				2			
38027		3	2	3			2					2	3	3	
38029		3										2	3		
38031		3	2	3								2	3	3	
38033				3				4							
38035		3	2	3	2		2	2	2	2		2	3	3	
38037				3						2		2		3	
38039		3	2	3			2	2				2		3	
38041												2			
38043		3	2	3				2				2	3	3	
38045		3		3				2		2		2	3	3	
38047		3	2	3						2		2	3	3	
38049		3	2	3			4	4		2		2	3	3	
38051		3										2	3	3	
38053							4	4				2		3	
38055		3	2	3			4	4				2		3	
38057							4	4				2	3	3	
38059		3		3								2	3	3	
38061		3	2	3	2		4	2				2		3	
38063		3	2	3			2	2				2	3	3	
38065												2			
38067		3	2	3	2		2	2	2			2	3	3	
38069		3	2	3			2	2				2		3	
38071		3	2	3			2	2				2	3	3	
38073		3	2	3				2	2	2		2	3	3	
38075		3	2				2	2					3	3	
38077		3	2	3				2	2	2		2	3	3	
38079		3	2	3			2	2	2			2		3	
38081		3	2	3				2	2	2		2	3	3	
38083		3	2	3								2		3	
38085		3						2				2	2	3	
38087								4							
38089								4				2			
38091		3		3			2	2		2		2	3	3	
38093		3		3	2					2		2	3	3	
38095		3		3			2	2	2			2		3	
38097		3	2	3	2		2	2	2			2	3	3	
38099		3	2	3	2		2	2	2			2	3	3	
38101		3					4	2				2	3	3	
38103		3	2	3								2	3	3	
38105		3					4							2	
39000			2	2		2	2	2	2	2	2			2	2
39001						2								2	
39003								2		2					2
39005								2			2				
39007						5			2		4				
39009						2	2	2						2	2
39011								2							2
39013						2	2	2						2	2
39015				2				2			4			2	
39017				2				4			2				
39019						1	2	2			2				
39021								4			2				2
39023								4			2				2
39025				2				2			4			2	
39027											2				
39029						1	2	2							
39031								2			2				2
39033								2		2	4				
39035						5	2	2							
39037						2		4							
39041						2	2	4			4				
39043						5		4							
39045								2			4				2
39047						2		2							
39049						2		4			4				2
39053						2	2							2	2
39055						5			2		4				
39057			2			2		4			2				
39059						2	2	2			2			2	2
39061				2				4			2			2	
39063								2		2					2
39065								2		2	4				2
39067						2	2	2			2				2
39069								2							
39071								2			2				2
39073						2	2	2			2			2	2
39075							2	2			2				
39077						5		4			4				
39079						2								2	2
39081						1	2	2						2	
39083							2	2			2				2
39085						5			2		4				
39087						2		2						2	2
39089						2		2			2				2
39091								2							2
39093						5		2							
39095						5									
39097						2		4			2				
39099						1									
39101								4			4				
39103						1	2	2							
39105						2	2	2						2	2
39107								2							
39109						2		4			2				2
39111						2	2	2						2	2
39113						2		4			2				
39115						2	2	2						2	2
39117								2			4				2
39119						2	2	2							2
39121						2	2	2						2	2
39125								2							2
39127						2	2	2			2				2
39129								2			2				2
39131						2		2						2	2
39133						1	2								
39135						2		4			2				
39137								2		2					2
39139								2		2	4				
39141						2	2	2						2	
39143								4							
39145						2		2						2	
39147								2							
39149								2			2				2
39151						1		2							
39153						1	2				2				
39155						1									
39157							2	2			2				
39159						2		4			2				
39161								2							2
39163						2	2							2	2
39165								4			2				
39167						2	2	2						2	2
39169								2							
39175								2		2	4				2
40000		1	2	4	4	4		2	0	2	2	2	2	2	2
40001				4					0	2	3	2		2	
40003					4					2	2		2		
40005				4					0	2				2	
40007				2					0	4	2	4	4		
40009				4	4	4			0	2	2		4		
40011				4	4				0	2	2			2	
40013				4					0	2			2		
40015		1	2	4	4				0	2	3		4		
40017		1		4	4	4			0	2			2	2	
40019			2	4					0			2	2		
40021				4				2		2		2	4	2	
40023				4					0	2					
40025				2						2	2		2		
40027		1		4		2			0	2			2		
40029				4					0	2	3	2			
40031			2	4					0	2		2	4		
40033			2	4					0	2			4		
40035		1								4	2		4	2	2
40037		1		4					0	4			4	2	
40039				4	4	4			0	2	2		4		
40041				4		2			0	2	3	2	2	2	
40043					4				0	2	2		4		
40045					4				0	2	2	4	4		
40047				4	4				0	2	2				
40049				4		2			0	2			4		
40051		1	2	4	4				0	2			4	2	
40053					4					2	2		2		2
40055				4	4				0	2			4		
40057				4	4						2		4		
40059					4					2	2				
40061				4				2	0	2	3		4	2	
40063				4					0	2	3	2	4		
40065			2	4	4				0	2	2		4		
40067			2	4					0	2			2	2	
40069				2					0	2	3				
40071				4	4				0	2	2		2		2
40073		1		4	4				0	2	3			2	
40075			2	2	4					2	2		4		
40077		1		4					0	2	3				
40079				4					0		2		2	2	
40081		1		4		2			0	4			2		
40083		1		4	4	4			0	2	3		2	2	
40085				4					0	2		2	2		
40087		1	2	4					0	2			4	2	
40089				4					0	2	2		2		
40091				4					0	2	3	2	2	2	
40093					4					2	2		4	2	
40095				4					0	2					
40097				4					0	2	3		2	2	
40099				4					0	4					
40101				4		2		2	0	2	3	2	4	2	
40103		1			4				0	2			2		
40105				4		2			0	4	2		4	2	2
40107				4					0	2	2	2	2		
40109		1		4	4	2		2	0	4			2		
40111		1		4					0	2	2		2	2	
40113				4	4	2			0	4	2		2	2	
40115				4					0	2	2		4	2	
40117				4	4	4			0	4	3		4	2	
40119				4	4	4			0	4			2		
40121				4					0	2	3		2	2	
40123				4		2			0	2			4		
40125				4					0	2			2	2	
40127				4					0	2	3				
40129				4	4	2			0	2	2		4		
40131				4					0	4	3		2	2	
40133				4					0	2	3		2		
40135				4				2	0	2	3	2	4	2	
40137				4					0	2			4	2	
40139						2			0	2			4		
40141			2	4						2	3		4		
40143		1		4				2	0	4			2	2	
40145				4				2	0	2	3		4	2	
40147				4	4	2		2	0	2			4	2	
40149				4	4	4			0	2	2		4		
40151					4				0	2	2	4			
40153				2	4				0	4	2	4			
41000					2		2	2	2	2		2		2	3
41001							2								
41003							2		2	2					3
41005							2		2			2		2	
41007									2	2				2	
41009							2		2	2		2			3
41011					2				2	2				2	3
41013							2		2					2	
41015					2				2	2				2	3
41017							2	2							
41019					2		2		2					2	3
41021									2						
41023							2								
41025							2								
41027							2		2			2			3
41029									2						
41031							2		2						
41033									2						
41037							2								
41039					2		2								3
41041									2	2				2	3
41043					2		2		2						3
41047							2					2			3
41051							2	2				2			
41053							2		2	2		2			3
41055									2						
41057							2		2	2		2		2	3
41059							2								
41061							2								
41063							2								
41065							2			2					
41067										2		2			
41069							2		2	2					
41071							2		2	2		2			
42000		2		2		2	2	2	2	2			4	3	
42001						2			2				4	3	
42003							2	2					4		
42005							2		2				4		
42007							2						4		
42009						2	2						4	3	
42011				2		2			2					3	
42013						2	2						4		
42015							2	2	2	2				3	
42017		2					2	2	2					2	
42019							2						4		
42021						2							4		
42023							2								
42025						2	2		2						
42027							2								
42029		2				2			2				4	2	
42031						2	2								
42033							2								
42035						2	2								
42037						2	2	2	2					3	
42039						2									
42041						2	2						4	3	
42043						2	2						4	3	
42045		2				2							4	2	
42047							2								
42051						2							4		
42053						2									
42055						2	2		2				4	3	
42057						2	2						4	3	
42059						2	2						4		
42061						2	2						4	3	
42063							2		2				4		
42065							2								
42067						2	2						4	3	
42069						2	2	2	2	2				3	
42071		2				2							4	3	
42073						2	2								
42075						2	2		2				4	3	
42077						2	2							2	
42079							2	2	2	2				3	
42081						2	2							3	
42083		2				2									
42085						2									
42087						2	2							3	
42089							2	2	2					2	
42091		2		2		2							4	2	
42093						2	2		2					3	
42095						2	2	2	2					2	
42097						2	2		2					3	
42099						2	2		2				4	3	
42101		2				2		2					4	2	
42103							2	2	2					2	
42105						2	2								
42107						2	2		2	2				3	
42109						2	2							3	
42111						2	2						4	3	
42113							2		2	2				3	
42115							2	2	2	2				3	
42117						2	2		2					2	
42119						2	2							3	
42121						2									
42123						2									
42125						2	2								
42127						2	2	2	2	2				2	
42129						2	2						4		
42131						2	2	2	2	2				3	
42133		2				2	2						4	3	
44000						4		4		2			2	2	
44001								4					2	2	
44003								4					2	2	
44005								4		2			2	2	
44007						4		4					2	2	
44009						4		4					2	2	
45000		2	2			4	4	2	4						
45001			2												
45003			2				4								
45007									4						
45009		2					4								
45011		2					4								
45013		2													
45015		2					2								
45017							4								
45019		2	2				2	2							
45021			2			4	4		4						
45023			2												
45025			2												
45027		2					4								
45029		2													
45031		2	2												
45033		2	2				4								
45035		2													
45037			2				4								
45039			2												
45041		2	2				4	2							
45043		2					2								
45045						4		2	4						
45047			2												
45049		2													
45051		2					2								
45053		2													
45055		2	2				4								
45057			2												
45059			2			4			4						
45061		2					4								
45063		2	2				4	2							
45065			2				4								
45067		2	2				4								
45069		2	2												
45071			2				4								
45073							4	2	4						
45075		2					4								
45077									4						
45079		2	2				4	2							
45081			2				4								
45083			2			4			4						
45085		2	2				4								
45087			2			4	4								
45089		2	2				4								
45091			2			4									
46000		1	2	3			2	2	2	2	4	2	2	3	
46003								2		2	2		3	3	
46005				3				2		2			3	3	
46007											4				
46009								2		2	2				
46011				3									2	3	
46013				3				2		2		2	3	3	
46015										2	2		3	3	
46017				3						2	2		3	3	
46019									2		4	2		3	
46021												2	2		
46023								2			2		3	3	
46025				3				2		2			3	3	
46027											2		2	3	
46029				3				2					3	3	
46031												2	2		
46033			2												
46035								2							
46037				3				2		2		2	3	3	
46039				3				2					3	3	
46041											2	2	2		
46043								2			2		3		
46045				3								2	3	3	
46047			2										2		
46049								2					3	3	
46051				3				2					3	3	
46053				3						2	2		3	3	
46055							2				2				
46057				3				2					3	3	
46059											2		3	3	
46061				3				2		2	2		3	3	
46063											4	2			
46065											2			3	
46067								2		2	2		3	3	
46069													3	3	
46071							2			2	2			3	
46073				3				2		2			2	3	
46075													2		
46077				3				2		2			3	3	
46079										2			2	3	
46081											2				
46083													2		
46085											2		2	3	
46087										2	2		3		
46089												2	2		
46091				3			2	2		2		2	3	3	
46093											2		2		
46095				3			2				2				
46097								2		2			3	3	
46099							2						2		
46101				3							2		2	3	
46103			2												
46105											2	2	2	3	
46107								2					2	3	
46109				3				2		2		2	3	3	
46111				3				2		2			3	3	
46113		1	2								4		2		
46115				3				2		2		2	3	3	
46117											2			3	
46119								2					3	3	
46121				3			2				4		2		
46123				3			2			2	2		3		
46125				3			2				2		2		
46127													2	3	
46135							2			2			2	3	
46137											2	2	2		
47000		2	2	2	2	2	2	2	2		2	2	2	2	
47001		2	2		2	2								2	
47003		2			2	2									
47005		2	2			2			2		2	2	2	2	
47007					2	2								2	
47009					2			2						2	
47011						2								2	
47013		2				2	2						2	2	
47015		2			2	2			2				2		
47017		2			2	2							2	2	
47019				2		2	2								
47021		2	2						2				2		
47023												2	2	2	
47025		2			2	2								2	
47027					2		2					2	2		
47029				2	2	2	2						2	2	
47031		2			2										
47033		2			2								2	2	
47035		2			2	2	2		2						
47037		2	2					2	2				2	2	
47039		2			2	2						2	2	2	
47041		2			2	2							2		
47043		2			2	2			2				2	2	
47045						2			2			4	2	2	
47047						2			2		2	2	2	2	
47049		2			2	2					2			2	
47051		2												2	
47053					2	2			2				2	2	
47055		2			2	2	2						2	2	
47057					2	2								2	
47059				2				2						2	
47061		2				2									
47065		2				2	2	2						2	
47067					2	2									
47069		2				2		2					2	2	
47071		2			2	2					2		2	2	
47073					2										
47075		2			2	2			2		2	2	2		
47077		2				2							2	2	
47079			2			2						4	2	2	
47081		2	2			2					2		2	2	
47083		2	2			2					2		2	2	
47085		2				2						2	2	2	
47087		2	2		2	2	2					2	2	2	
47089														2	
47091				2		2	2							2	
47093			2					2						2	
47095			2			2						4		2	
47097		2			2	2							2	2	
47099		2			2	2							2	2	
47101		2			2	2					2		2	2	
47103		2			2	2		2						2	
47105		2			2	2								2	
47107						2						2		2	
47109		2			2						2		2	2	
47111					2	2					2		2		
47113		2			2	2		2			2		2	2	
47115		2				2		2						2	
47117		2			2	2							2	2	
47119		2			2	2							2		
47121					2	2	2								
47123		2				2								2	
47125		2				2		2				4	2	2	
47127		2												2	
47129		2			2	2								2	
47131			2			2						4	2	2	
47133					2							2	2		
47135		2				2					2		2	2	
47137													2	2	
47139						2	2							2	
47141													2		
47143						2	2							2	
47145		2			2	2	2								
47147													2		
47149						2						2	2		
47151		2			2	2								2	
47153		2				2						2		2	
47155		2			2										
47157						2		2			2	2	2	2	
47159						2							2	2	
47161		2	2			2						4	2	2	
47163														2	
47165		2				2			2		2		2	2	
47167					2	2		2					2	2	
47169						2					2		2		
47171				2			2								
47173		2				2								2	
47175		2			2										
47177		2			2	2			2						
47179				2										2	
47181		2			2	2						2	2	2	
47183			2			2						4		2	
47185		2				2									
47187		2				2		2			2		2		
47189													2		
48000	3	2	1	4	3	2		2	0	2	2		2	0	
48001				2		5		2	0	2	2			0	
48003									0					0	
48005				2		5		2	0		2				
48007		2						2	0		2				
48009									0	2				0	
48011				4										0	
48013					3	2			0	2					
48015	3							2			2				
48017				4										0	
48019					3				0						
48021	3							2	0					0	
48023										2				0	
48025						2		2	0	2					
48027								2	0						
48029	3				3			2	0		2				
48031					3				0						
48033				4											
48035									0	2				0	
48037		1		4				2	0		2			0	
48039				2		2		2			2				
48041								2	0		2				
48043									0					0	
48045				4					0					0	
48047		2							0	2				0	
48049					3					2				0	
48051	3							2	0		2				
48053					3			2	0	2					
48055	3							2	0					0	
48057	3					2		2	0		2		2		
48059					3				0	2				0	
48061		2						2	0	2	2		2		
48063														0	
48065				4					0					0	
48067				4				2	0		2			0	
48069									0					0	
48071				2				2			2				
48073				2		5		2	0	2	2			0	
48075									0					0	
48077									0					0	
48079									0					0	
48081									0						
48083					3				0	2				0	
48085						5		2	0	2					
48087									0						
48089	3							2			2			0	
48091	3				3				0						
48093								2	0	2					
48095									0					0	
48097				4				2	0	2					
48099								2	0	2				0	
48101									0	2			2	0	
48103														0	
48105									0					0	
48107				4					0					0	
48109														0	
48111									0						
48113						5		2	0						
48115									0				2	0	
48117				4					0					0	
48119				4					0	2					
48121								2	0	2					
48123	3					2		2	0						
48125														0	
48127					3										
48129									0					0	
48131		2			3									0	
48133					3			2	0	2				0	
48135								2							
48137	2								0	2					
48139						5		2	0	2					
48141								2	2						
48143									0	2				0	
48145									0						
48147				4				2	0	2					
48149	3							2	0						
48151									0					0	
48153				4					0				2		
48155													2	0	
48157	3			2				2			2				
48159				4					0					0	
48161								2	0						
48163					3	2		2	0						
48167				2		2		2			2				
48169				4									2	0	
48171					3				0						
48173														0	
48175	3				3	2		2	0						
48177	3				3			2	0	2				0	
48179				4					0						
48181				4				2	0	2				0	
48183				4				2	0		2			0	
48185	3							2	0		2				
48187	3				3			2	0						
48189									0						
48191				4					0					0	
48193									0	2					
48197									0						
48199				2				2			2			0	
48201	3			2				2	0	2	2				
48203				4				2	0		2			0	
48205									0					0	
48207									0	2					
48209	3				3			2	0						
48211				4					0					0	
48213						5		2	0	2				0	
48215		2						2	0	2	2		2		
48217								2		2				0	
48219									0					0	
48221									0	2					
48223				4				2	0	2					
48225				2				2	0		2			0	
48227								2	0					0	
48229									2						
48231				4				2		2				0	
48233									0					0	
48235									0					0	
48237								2	0						
48239	3					2		2							
48241				2				2	0		2			0	
48243														0	
48245				2				2			2				
48247										2	2		2		
48249		2			3			2		2	2		2		
48251						5		2	0						
48253					3				0	2					
48255	3				3	2			0						
48257						5		2	0	2					
48259					3				0						
48261		2													
48263									0					0	
48265					3				0						
48267	2													0	
48269														0	
48271	2														
48273		2						2		2	2				
48277				4					0	2				0	
48279													2	0	
48281									0	2					
48283					3										
48285								2							
48287								2	0					0	
48289								2	0		2			0	
48291	3			2				2	0		2				
48293								2	0						
48295									0						
48297					3	2			0					0	
48299									0	2					
48303								2	0				2		
48305									0				2	0	
48307									0	2					
48309								2	0	2					
48311					3										
48313				2				2	0	2	2				
48315				4				2	0					0	
48317														0	
48319										2				0	
48321	3					2		2			2				
48323	2												2		
48325					3				0	2					
48327									0	2				0	
48329								2						0	
48331								2	0	2	2				
48333									0	2					
48335									0					0	
48337				4					0	2				0	
48339	3			2				2	0		2				
48341									0					0	
48343				4					0		2			0	
48345									0				2	0	
48347				2		5		2	0		2				
48349						5		2	0	2				0	
48351				2				2	0		2			0	
48353									0						
48355	3	2						2		2	2				
48357									0						
48359				4					0						
48361				2				2			2				
48363									0						
48365				4				2	0		2				
48367						5		2	0	2					
48369				4					0						
48371									0					0	
48373	3			2				2	0		2				
48375				4				2	0					0	
48377														0	
48379								2							
48381				4					0					0	
48383									0						
48385	2				3				0	2					
48387				4					0					0	
48389								2	0						
48391	3					2		2		2	2				
48393									0					0	
48395								2	0						
48397								2	0						
48399										2					
48401				4		5		2	0		2			0	
48403						5		2	0		2				
48405				2		5		2			2			0	
48407	3			2				2	0		2				
48409	3	2			3	2		2		2	2				
48411					3				0	2					
48415									0					0	
48417									0	2					
48419						5		2	0		2				
48421									0						
48423				4		5		2	0	2				0	
48427									0	2	2		2		
48429									0	2				0	
48431									0						
48433									0						
48435														0	
48437									0						
48439			1					2	0	2					
48441					3			2	0	2					
48443														0	
48445									0				2	0	
48447									0	2				0	
48449				4					0	2				0	
48451								2	0					0	
48453	3							2	0						
48455	3			2				2			2			0	
48457				2				2			2			0	
48459				4				2	0	2	2			0	
48463	2				3				0	2					
48465	2							2	0					0	
48467								2		2					
48469	3					2		2	0	2	2				
48471	3			2				2	0	2	2			0	
48473	3							2			2				
48475									0						
48477								2			2				
48479	2	2						2		2			2		
48481	3							2			2				
48483									0						
48485								2	0	2					
48487										2				0	
48489		2								2	2		2		
48491								2	0	2					
48493	3				3				0						
48495														0	
48497								2	0	2				0	
48499				4					0						
48501									0						
48503									0					0	
48505									0				2		
48507					3	2				2					
49000		1						2						3	5
49001								3						3	
49003								3						3	
49005														3	
49009														3	
49011														3	5
49013														3	
49015														3	
49017														3	
49021								3							
49025								3						3	
49027														3	
49029														3	
49031														3	
49035		1						2						3	
49039														3	
49041								3						3	
49043														3	
49045								3						3	
49047								3						3	
49049								2						3	
49051								3						3	
49053								2						3	
49057														3	
50000		2	2	4	2	2	2			2	2	4	2	2	
50001			2	4			2				2			2	2
50003			2	4		2				2		4		2	
50005		2			2		2			2	2			2	
50007				4			2						2	2	
50009		2			2					2	2			2	
50011					2		2				2		2	2	
50013				4							2			2	
50015		2		4	2		2			2	2		2	2	2
50017		2	2			2				2	2			2	
50019		2		4	2		2			2				2	2
50021		2	2	4						2				2	
50023		2								2	2			2	
50025		2	2	4		2	2			2		4		2	
50027		2	2	4		2				2	2			2	
51000		2	2	5	2	2	2	2	2			2	4	2	2
51001		2				2			2					2	
51003			2			2							4		2
51005									2						2
51007						2									
51009						2							4		2
51011						2									
51013			2	5		2			2				4		2
51015						2							4		2
51017			2						2				4		2
51019													4		2
51023													4		2
51025		2	2			2								2	
51027			2	2	2	2							4		
51029						2									2
51031			2			2									2
51033						2							4	2	
51035			2												2
51036						2								2	
51037			2			2									
51041		2	2			2	2							2	
51043						2							4		2
51045															2
51047			2			2							4	1	2
51049						2									
51051				2	2	2			2				4		
51053		2				2								2	
51057			2			2								2	
51059			2			2		2	2				4	2	
51061						2							4		2
51065						2							4		
51067															2
51069			2			2							4		
51071															2
51073		2				2			2					2	
51075						2									
51079			2			2							4		2
51081		2	2			2								2	
51083			2			2						2			
51085						2	2						4	2	
51087			2			2	2	2						2	
51089						2									
51091															2
51093		2				2			2			2		2	
51095		2				2			2					2	
51097		2				2								2	
51099						2			2				4	2	
51101			2			2								2	
51103		2				2			2					2	
51105					2										
51107			2			2							4		
51109			2			2							4	1	
51111						2								2	
51113						2							4		2
51115		2				2			2					2	
51117			2			2								2	
51119		2				2			2					2	
51121			2			2							4		2
51125						2							4		2
51127						2								2	2
51131		2				2			2			2		1	
51133		2				2			2					2	
51135			2			2								2	2
51137			2			2							4		
51139			2			2							4		2
51143						2									2
51145						2								2	
51147			2			2									
51149		2				2								2	
51153			2			2							4	2	
51155															2
51157						2							4		
51159		2				2			2					2	
51161			2										4		2
51163						2							4		2
51165			2			2									2
51167				2	2								4		
51169				2	2								4		
51171						2							4		2
51173				2	2										2
51175		2	2			2								2	
51177			2			2							4	1	
51179						2							4		2
51181		2				2						2		2	
51183		2	2			2								2	
51185			2	2	2								4		2
51187			2			2							4		2
51191				2	2										
51193		2				2			2					2	
51195				2	2	2							4		
51197			2		2										
51199		2	2			2			2					2	
51510			2			2			2				4	2	
51515						2									2
51520								2							
51530						2							4		2
51540						2							4		2
51550		2				2						2		2	
51570		2	2			2	2							2	
51580													4		2
51590			2			2									2
51595		2	2			2								2	
51600			2			2							4		2
51610						2							4		2
51620		2	2			2								2	
51630			2			2							4	1	2
51640									2				4		
51650		2				2						2		2	
51660						2									2
51670		2	2			2								2	
51678															2
51680			2			2									2
51683			2			2							4		
51685						2							4		2
51690															2
51700		2	2			2			2			2		2	
51710		2				2						2		2	
51720			2		2	2							4		
51730		2	2			2								2	
51735						2			2			2		2	
51740		2				2						2		2	
51750													4		2
51760			2			2	2		2					2	
51770						2							4		2
51775						2									2
51790						2							4		2
51800		2	2			2								2	
51810		2				2		2				2		2	
51820						2							4		
51830		2	2			2								2	
51840						2							4		2
53000				1		2		2	2	2		2		2	2
53001												2			
53005												2			
53007									2	2		3			
53009				1		2			2	2		3			2
53011										2		2			
53013												2			
53015				1					2			3			
53017				1											
53019												2			2
53021												2			
53023												2			
53025										2					
53027				1		2			2	2		3			2
53029									2	2		2			
53031						2			2	2		2			
53033				1					2	2		2		2	2
53035				1				2	2	2					
53037												3		2	
53039										2		3		2	2
53041				1					2	2		3		2	2
53043												3			
53045				1		2			2	2		3			2
53047															2
53049				1					2	2		3			
53051									2	2		2			
53053				1				2	2	2		3			2
53055									2						
53057				1		2			2	2		2		2	
53059									2	2		2			2
53061				1		2			2	2		2			2
53063												2			
53065												2			
53067				1				2		2		2			2
53069									2	2		3		2	2
53071												2			
53073				1		2						3			
53075												2			
53077												3			
54000			3	2	2	2	2	2		2	2	2	4		2
54001			3							2	2				2
54003						2	2						4		2
54005				2		2				2					2
54007			3			2	2								2
54009						2	2	2					4		
54011			3			2	2			2					2
54013			3			2						2	4		2
54015				2		2					2		4		2
54017				2		2					2				2
54019				2		2							2		2
54021			3			2					2				2
54023						2							4		2
54025				2		2							4		2
54027						2							4		
54029						2	2	2					4		
54031						2							4		2
54033			3			2					2				2
54035						2	2								2
54037						2							4		2
54039			3			2	2						4		2
54041			3			2									2
54043			3	2		2				2					2
54045				2		2	2			2			3		2
54047				2	2	2				2		2	3		2
54049			3			2					2		4		2
54051						2	2	2					4		2
54053			3			2	2								2
54055				2	2	2	2						4		2
54057						2							4		
54059					2	2	2			2		2	3		2
54061			3			2							4		2
54063													4		2
54065						2							4		
54067				2		2							4		2
54069						2	2	2					4		
54071						2							4		2
54073							2								2
54075						2							4		2
54077			3			2		2					4		2
54079						2	2								2
54081				2		2	2					2	2		2
54083			3			2							4		2
54085			3												2
54087			3			2	2					2	4		2
54089					2	2									2
54091			3	2		2					2				2
54093						2					2		4		2
54095			3				2	2							2
54097						2									2
54099				2		2									2
54101						2				2					2
54103			3			2	2	2					4		2
54105			3			2									2
54107							2								2
54109				2		2	2			2		2	4		2
55000		3	2	3	1		2	2		2	2		2	4	2
55001			2	3	2		2				2				
55003		3	2	3											2
55005			2	3											
55007		3		3											2
55011				3									2		
55013			2	3											
55015				3							2		2		
55017				3											
55019				3	2		2						2		
55021			2	4			2				2				
55023			2	3			2			2	2				
55025			2	4							4			4	
55027							2				2			4	
55029				4											
55031		3		3											2
55033				3	2										
55037		3													
55039							2				2				
55041			2												
55043			2	3			2				2		2	4	
55045			2	4							4			4	
55047							2				2				
55049			2								2			4	
55051		3	2	3											
55053			2	3			2						2		
55055							2				4				
55057			2	3			2				2		2		
55059			2	4			2				4			4	
55061				4											
55063				3						2	2				
55065			2								2			4	
55071				4											
55073					2								2		
55075					2										
55077							2				2				
55079			2	4				2			4		2	4	
55081			2				2				2				
55085		3	2												
55087				3											
55089				4			2				2				
55091				3											
55093				3											
55095			2	3	1										
55097				3	2								2		
55099		3													
55101				4							4			4	
55103			2							2	2				
55105				4							4				
55107		3	2	3	1										
55109				3											
55111			2							2	2				
55113		3	2												
55117				4							2				
55119				3	1								2		
55121				3									2		
55123			2	3			2			2	2				
55125		3													
55127			2	4							4			4	
55129			2	3											
55131											4			4	
55133				4							4				
55135				3											
55137				3	2										
55139				3			2				2				
55141				3	2								2		
56000		4	2										3	2	
56001														2	
56003														2	
56007														2	
56011			2											2	
56013													3	2	
56015														2	
56019														2	
56023														2	
56027		4													
56031													3		
56033														2	
56035														2	
56039														2	
56041														2	
56043														2	
56045														2	
60000						2	2	2				1			
60050							2								
64000					2	2	2			0					
64002					2	2									
64040					2										
64060					2	2	2								
66000				1	2		2								
66010				1	2										
69000					2		2	2							
69085							2								
69100					2		2	2							
69110					2		2	2							
69120					2		2	2							
72000				2		2	2	2			2	0	2	2	
72001				2			2	2			2		2	2	
72003							2							2	
72005							2								
72007				2			2							2	
72009							2	2					2	2	
72011				2			2						2	2	
72013							2						2		
72015							2				2			2	
72017							2								
72019				2									2	2	
72021				2			2					0		2	
72023				2			2				2				
72025							2							2	
72027							2							2	
72029							2							2	
72031							2							2	
72033							2					0		2	
72035						2	2	2					2	2	
72037						2								2	
72039				2			2						2	2	
72041							2							2	
72043						2	2						2	2	
72045							2							2	
72047				2			2						2	2	
72049						2	2							2	
72051							2						2		
72053							2							2	
72054							2								
72055				2		2	2				2		2	2	
72057						2					2		2	2	
72059				2			2	2			2				
72061							2					0		2	
72063							2				2			2	
72065							2							2	
72067				2			2							2	
72069							2				2			2	
72071							2							2	
72073				2			2	2					2	2	
72075							2	2						2	
72077				2		2	2				2			2	
72079				2		2	2				2				
72081				2			2	2					2		
72083				2			2				2		2	2	
72085							2				2			2	
72087							2							2	
72089						2	2							2	
72091							2							2	
72093				2			2	2					2	2	
72095						2	2				2			2	
72097							2						2	2	
72099				2			2								
72101				2			2						2	2	
72103						2	2				2			2	
72105				2			2						2	2	
72107				2			2	2					2	2	
72109						2	2				2		2	2	
72111							2	2			2			2	
72113							2	2			2		2		
72115							2							2	
72117				2			2							2	
72119						2	2							2	
72121				2		2	2				2		2	2	
72123						2	2	2					2	2	
72125				2		2	2				2		2		
72127							2					0		2	
72129				2		2	2				2		2	2	
72131							2							2	
72133							2	2			2			2	
72135							2							2	
72137							2					0		2	
72139							2							2	
72141				2		2	2	2			2		2	2	
72143				2			2						2		
72145							2						2	2	
72147						2	2							2	
72149							2	2			2		2	2	
72151						2	2	2			2		2	2	
72153				2		2	2	2			2		2	2	
78000		2				2	2				2		2		
78010		2				2	2				2		2		
78020						2					2				
78030						2	2								
